{"gps":[{"lat1":54.48994059353253,"long2":-0.6184744834899902,"lat2":54.49075071953603,"long1":-0.6198585033416748},{"lat1":54.48913668339908,"long2":-0.6170260906219482,"lat2":54.49077564623541,"long1":-0.6198477745056152},{"lat1":54.48923639404177,"long2":-0.6158030033111572,"lat2":54.490669707658064,"long1":-0.618281364440918},{"lat1":54.489329872548474,"long2":-0.615534782409668,"lat2":54.49001537506691,"long1":-0.6167149543762207}]}