{"gps":[{"lat1":53.95888205297014,"long2":-1.0832583904266357,"lat2":53.95949435893627,"long1":-1.0843098163604736},{"lat1":53.958553802770126,"long2":-1.081477403640747,"lat2":53.95932392415817,"long1":-1.0827863216400146},{"lat1":53.95828236315253,"long2":-1.080383062362671,"lat2":53.958743178200926,"long1":-1.081176996231079}]}