{"gps":[{"lat1":54.49018986478188,"long2":-0.6212157011032104,"lat2":54.490411091742686,"long1":-0.6215912103652954},{"lat1":54.48930494496759,"long2":-0.619804859161377,"lat2":54.49041732347072,"long1":-0.6217199563980103},{"lat1":54.48920835044811,"long2":-0.6188070774078369,"lat2":54.490183633019164,"long1":-0.6204861402511597},{"lat1":54.48922393022474,"long2":-0.6187748908996582,"lat2":54.48938907549214,"long1":-0.6190592050552368}]}